[{"company":"집생활연구소","name":"[쿠폰가 28,405원] 200g 40수 코마사 프리미엄 호텔 수건10장 (5장씩골라담기)","price":"29,900원","sale":"57% ","review":"리뷰 416개","star":"4.7점","img":"https://image.ohou.se/i/bucketplace-v2-development/uploads/productions/164023278275776992.jpg?gif=1&w=360&h=360&c=c&q=0.8"},{"company":"덴켄마운트","name":"국내생산! 리뷰좋은 오리지널 베스트셀러 렌지가드 기름튐방지 가림막","price":"41,900 외원","sale":"27% ","review":"리뷰 2,578개","star":"4.7점","img":"https://image.ohou.se/i/bucketplace-v2-development/uploads/deals/161899926765660950.jpg?gif=1&w=360&h=360&c=c&q=0.8"},{"company":"아이리스코리아","name":"현관에 착! 딱 붙는 자석 우산꽂이","price":"9,500원","sale":"40% ","review":"리뷰 498개","star":"4.7점","img":"https://image.ohou.se/i/bucketplace-v2-development/uploads/productions/165831071911116140.webp?gif=1&w=360&h=360&c=c&q=0.8"},{"company":"리바트","name":"[할인쿠폰][단독] NEW 꼼므 1200 아이책상+의자세트 (화이트/베이지)","price":"146,000원","sale":"40% ","review":"리뷰 488개","star":"4.8점","img":"https://image.ohou.se/i/bucketplace-v2-development/uploads/productions/162848760955227567.jpg?gif=1&w=360&h=360&c=c&q=0.8"},{"company":"에지리","name":"[5%쿠폰]귀여워서 심쿵! 에지리x미피 하얀 법랑냄비 인덕션가능","price":"38,900 외원","sale":"65% ","review":"리뷰 222개","star":"4.6점","img":"https://image.ohou.se/i/bucketplace-v2-development/uploads/deals/165838729410868799.png?gif=1&w=360&h=360&c=c&q=0.8"},{"company":"마켓비","name":"QQUAC 도어스토퍼 GM4007B 당일발송","price":"9,900원","sale":"53% ","review":"리뷰 47개","star":"4.5점","img":"https://image.ohou.se/i/bucketplace-v2-development/uploads/productions/1596603206_109916_1.jpg?gif=1&w=360&h=360&c=c&q=0.8"},{"company":"아침향기","name":"금전수_무광 원형 화분 실내공기정화식물 소형식물","price":"8,940원","sale":"4% ","review":"리뷰 1,231개","star":"4.7점","img":"https://image.ohou.se/i/bucketplace-v2-development/uploads/productions/162608042208480495.jpg?gif=1&w=360&h=360&c=c&q=0.8"},{"company":"르바타","name":"[해외][국내 AS] 30초빔 e431w 자체 넷플릭스/유튜브앱+무선미러링기능 빔 프로젝터","price":"149,000원","sale":"42% ","review":"리뷰 2,506개","star":"4.7점","img":"https://image.ohou.se/i/bucketplace-v2-development/uploads/productions/165573014596423807.jpg?gif=1&w=360&h=360&c=c&q=0.8"},{"company":"브람스","name":"[쿠폰가139.7만]가성비갑 안마의자 브람스 루카 BRAMS-S3500+카페트","price":"1,460,000원","sale":"63% ","review":"리뷰 136개","star":"4.7점","img":"https://image.ohou.se/i/bucketplace-v2-development/uploads/productions/164274104259670043.jpg?gif=1&w=360&h=360&c=c&q=0.8"},{"company":"리브맘","name":"[5%쿠폰]재입고완료! 닿자마자 시원한 프리미엄 아이스쿨링 신소재 냉감패드 SS/Q","price":"38,900원","sale":"67% ","review":"리뷰 144개","star":"4.2점","img":"https://image.ohou.se/i/bucketplace-v2-development/uploads/openapi/3278853/1654669950922.jpg?gif=1&w=360&h=360&c=c&q=0.8"},{"company":"링펫","name":"두즈 핸즈프리 드라이기 iMD-1000T","price":"149,900원","sale":"16% ","review":"리뷰 7개","star":"4.5점","img":"https://image.ohou.se/i/bucketplace-v2-development/uploads/productions/164134603984132515.jpg?gif=1&w=360&h=360&c=c&q=0.8"},{"company":"노와","name":"[오굿즈] 독일 주방명품 IH 쿡웨어 7P 세트 (멀티핸들 포함)","price":"68,900원","sale":"76% ","review":"리뷰 8,603개","star":"4.7점","img":"https://image.ohou.se/i/bucketplace-v2-development/uploads/productions/165027308231230341.jpg?gif=1&w=360&h=360&c=c&q=0.8"},{"company":"삼성전자","name":"비스포크 제트 무선청소기 VS20A956A3N 우디그린 일체형청정스테이션","price":"494,000원","sale":"45% ","review":"리뷰 748개","star":"4.7점","img":"https://image.ohou.se/i/bucketplace-v2-development/uploads/productions/163776160895154746.jpg?gif=1&w=360&h=360&c=c&q=0.8&webp=1"},{"company":"마이센스","name":"시한 여름 고정밴딩 침대패드 (SS/Q) 8COLOR","price":"16,900원","sale":"48% ","review":"리뷰 5,744개","star":"4.7점","img":"https://image.ohou.se/i/bucketplace-v2-development/uploads/productions/164981344573345909.jpg?gif=1&w=360&h=360&c=c&q=0.8&webp=1"},{"company":"베베앙 아기물티슈","name":"[한정수량특가] 라이트 캡형 물티슈 100매 10팩","price":"8,900원","sale":"52% ","review":"리뷰 6,588개","star":"4.8점","img":"https://image.ohou.se/i/bucketplace-v2-development/uploads/productions/163797910623036674.jpg?gif=1&w=360&h=360&c=c&q=0.8&webp=1"},{"company":"올더히어","name":"평점 4.4! 활용도 만점 스파인코렉터/홈필라테스로 시원하게","price":"29,900원","sale":"34% ","review":"리뷰 1,557개","star":"4.4점","img":"https://image.ohou.se/i/bucketplace-v2-development/uploads/productions/162981286233121032.jpg?gif=1&w=360&h=360&c=c&q=0.8&webp=1"}]